2011/12/25,Miami Heat,Dallas Mavericks,105,94
2011/12/25,Los Angeles Clippers,Golden State Warriors,105,86
2011/12/25,Chicago Bulls,Los Angeles Lakers,88,87
2011/12/25,New York Knicks,Boston Celtics,106,104
2011/12/25,Oklahoma City Thunder,Orlando Magic,97,89
2011/12/26,Charlotte Bobcats,Milwaukee Bucks,96,95
2011/12/26,Toronto Raptors,Cleveland Cavaliers,104,96
2011/12/26,Denver Nuggets,Dallas Mavericks,115,93
2011/12/26,Golden State Warriors,Chicago Bulls,99,91
2011/12/26,Indiana Pacers,Detroit Pistons,91,79
2011/12/26,Oklahoma City Thunder,Minnesota Timberwolves,104,100
2011/12/26,Orlando Magic,Houston Rockets,104,95
2011/12/26,New Orleans Hornets,Phoenix Suns,85,84
2011/12/26,Portland Trail Blazers,Philadelphia 76ers,107,103
2011/12/26,Sacramento Kings,Los Angeles Lakers,100,91
2011/12/26,San Antonio Spurs,Memphis Grizzlies,95,82
2011/12/26,New Jersey Nets,Washington Wizards,90,84
2011/12/27,Los Angeles Lakers,Utah Jazz,96,71
2011/12/27,Miami Heat,Boston Celtics,115,107
2011/12/27,Milwaukee Bucks,Minnesota Timberwolves,98,95
2011/12/27,Atlanta Hawks,New Jersey Nets,106,70
2011/12/27,Portland Trail Blazers,Sacramento Kings,101,79
2011/12/28,Atlanta Hawks,Washington Wizards,101,83
2011/12/28,Miami Heat,Charlotte Bobcats,96,95
2011/12/28,Denver Nuggets,Utah Jazz,117,100
2011/12/28,Cleveland Cavaliers,Detroit Pistons,105,89
2011/12/28,Golden State Warriors,New York Knicks,92,78
2011/12/28,Oklahoma City Thunder,Memphis Grizzlies,98,95
2011/12/28,New Orleans Hornets,Boston Celtics,97,78
2011/12/28,Philadelphia 76ers,Phoenix Suns,103,83
2011/12/28,San Antonio Spurs,Los Angeles Clippers,115,90
2011/12/28,Indiana Pacers,Toronto Raptors,90,85
2011/12/29,Houston Rockets,San Antonio Spurs,105,85
2011/12/29,Los Angeles Lakers,New York Knicks,99,82
2011/12/29,Oklahoma City Thunder,Dallas Mavericks,104,102
2011/12/29,Orlando Magic,New Jersey Nets,94,78
2011/12/29,Portland Trail Blazers,Denver Nuggets,111,102
2011/12/29,Chicago Bulls,Sacramento Kings,108,98
2011/12/30,Atlanta Hawks,New Jersey Nets,105,98
2011/12/30,Boston Celtics,Detroit Pistons,96,85
2011/12/30,Orlando Magic,Charlotte Bobcats,100,79
2011/12/30,Dallas Mavericks,Toronto Raptors,99,86
2011/12/30,Indiana Pacers,Cleveland Cavaliers,98,91
2011/12/30,Chicago Bulls,Los Angeles Clippers,114,101
2011/12/30,Memphis Grizzlies,Houston Rockets,113,93
2011/12/30,Milwaukee Bucks,Washington Wizards,102,81
2011/12/30,Miami Heat,Minnesota Timberwolves,103,101
2011/12/30,Phoenix Suns,New Orleans Hornets,93,78
2011/12/30,Utah Jazz,Philadelphia 76ers,102,99
2011/12/31,Detroit Pistons,Indiana Pacers,96,88
2011/12/31,Philadelphia 76ers,Golden State Warriors,107,79
2011/12/31,Houston Rockets,Atlanta Hawks,95,84
2011/12/31,Los Angeles Lakers,Denver Nuggets,92,89
2011/12/31,Oklahoma City Thunder,Phoenix Suns,107,97
2011/12/31,New York Knicks,Sacramento Kings,114,92
2011/12/31,San Antonio Spurs,Utah Jazz,104,89
2012/1/1,Chicago Bulls,Memphis Grizzlies,104,64
2012/1/1,Cleveland Cavaliers,New Jersey Nets,98,82
2012/1/1,Denver Nuggets,Los Angeles Lakers,99,90
2012/1/1,Los Angeles Clippers,Portland Trail Blazers,93,88
2012/1/1,Miami Heat,Charlotte Bobcats,129,90
2012/1/1,Minnesota Timberwolves,Dallas Mavericks,99,82
2012/1/1,Orlando Magic,Toronto Raptors,102,96
2012/1/1,Sacramento Kings,New Orleans Hornets,96,80
2012/1/1,Boston Celtics,Washington Wizards,94,86
2012/1/2,Boston Celtics,Washington Wizards,100,92
2012/1/2,Dallas Mavericks,Oklahoma City Thunder,100,87
2012/1/2,Denver Nuggets,Milwaukee Bucks,91,86
2012/1/2,Detroit Pistons,Orlando Magic,89,78
2012/1/2,Atlanta Hawks,Miami Heat,100,92
2012/1/2,Minnesota Timberwolves,San Antonio Spurs,106,96
2012/1/2,Indiana Pacers,New Jersey Nets,108,94
2012/1/2,Toronto Raptors,New York Knicks,90,85
2012/1/2,Phoenix Suns,Golden State Warriors,102,91
2012/1/2,Utah Jazz,New Orleans Hornets,94,90
2012/1/3,Chicago Bulls,Atlanta Hawks,76,74
2012/1/3,Cleveland Cavaliers,Charlotte Bobcats,115,101
2012/1/3,Los Angeles Lakers,Houston Rockets,108,99
2012/1/3,Memphis Grizzlies,Sacramento Kings,113,96
2012/1/3,Portland Trail Blazers,Oklahoma City Thunder,103,93
2012/1/3,Utah Jazz,Milwaukee Bucks,85,73
2012/1/4,Boston Celtics,New Jersey Nets,89,70
2012/1/4,Dallas Mavericks,Phoenix Suns,98,89
2012/1/4,Denver Nuggets,Sacramento Kings,110,83
2012/1/4,Chicago Bulls,Detroit Pistons,99,83
2012/1/4,Los Angeles Clippers,Houston Rockets,117,89
2012/1/4,Miami Heat,Indiana Pacers,118,83
2012/1/4,Memphis Grizzlies,Minnesota Timberwolves,90,86
2012/1/4,Philadelphia 76ers,New Orleans Hornets,101,93
2012/1/4,Charlotte Bobcats,New York Knicks,118,110
2012/1/4,Orlando Magic,Washington Wizards,103,85
2012/1/4,San Antonio Spurs,Golden State Warriors,101,95
2012/1/4,Toronto Raptors,Cleveland Cavaliers,92,77
2012/1/5,Miami Heat,Atlanta Hawks,116,109
2012/1/5,Portland Trail Blazers,Los Angeles Lakers,107,96
2012/1/5,Sacramento Kings,Milwaukee Bucks,103,100
2012/1/5,San Antonio Spurs,Dallas Mavericks,93,71
2012/1/6,Indiana Pacers,Boston Celtics,87,74
2012/1/6,Atlanta Hawks,Charlotte Bobcats,102,96
2012/1/6,Los Angeles Lakers,Golden State Warriors,97,90
2012/1/6,Cleveland Cavaliers,Minnesota Timberwolves,98,87
2012/1/6,Denver Nuggets,New Orleans Hornets,96,88
2012/1/6,Oklahoma City Thunder,Houston Rockets,109,94
2012/1/6,Chicago Bulls,Orlando Magic,97,83
2012/1/6,Philadelphia 76ers,Detroit Pistons,96,73
2012/1/6,Phoenix Suns,Portland Trail Blazers,102,77
2012/1/6,New Jersey Nets,Toronto Raptors,97,85
2012/1/6,Utah Jazz,Memphis Grizzlies,94,85
2012/1/6,New York Knicks,Washington Wizards,99,96
2012/1/7,Atlanta Hawks,Chicago Bulls,109,94
2012/1/7,Dallas Mavericks,New Orleans Hornets,96,81
2012/1/7,New York Knicks,Detroit Pistons,103,80
2012/1/7,Utah Jazz,Golden State Warriors,88,87
2012/1/7,Oklahoma City Thunder,Houston Rockets,98,95
2012/1/7,Indiana Pacers,Charlotte Bobcats,99,77
2012/1/7,Los Angeles Clippers,Milwaukee Bucks,92,86
2012/1/7,Miami Heat,New Jersey Nets,101,90
2012/1/7,Philadelphia 76ers,Toronto Raptors,97,62
2012/1/7,San Antonio Spurs,Denver Nuggets,121,117
2012/1/8,Los Angeles Lakers,Memphis Grizzlies,90,82
2012/1/8,Oklahoma City Thunder,San Antonio Spurs,108,96
2012/1/8,Phoenix Suns,Milwaukee Bucks,109,93
2012/1/8,Portland Trail Blazers,Cleveland Cavaliers,98,78
2012/1/8,Orlando Magic,Sacramento Kings,104,97
2012/1/8,Minnesota Timberwolves,Washington Wizards,93,72
2012/1/9,Chicago Bulls,Detroit Pistons,92,68
2012/1/9,New Orleans Hornets,Denver Nuggets,94,81
2012/1/9,Atlanta Hawks,New Jersey Nets,106,101
2012/1/9,New York Knicks,Charlotte Bobcats,91,87
2012/1/9,Philadelphia 76ers,Indiana Pacers,96,86
2012/1/9,Toronto Raptors,Minnesota Timberwolves,97,87
2012/1/10,Houston Rockets,Charlotte Bobcats,82,70
2012/1/10,Dallas Mavericks,Detroit Pistons,100,86
2012/1/10,Golden State Warriors,Miami Heat,111,106
2012/1/10,Los Angeles Lakers,Phoenix Suns,99,83
2012/1/10,Oklahoma City Thunder,Memphis Grizzlies,100,95
2012/1/10,Milwaukee Bucks,San Antonio Spurs,106,103
2012/1/10,Chicago Bulls,Minnesota Timberwolves,111,100
2012/1/10,Philadelphia 76ers,Sacramento Kings,112,85
2012/1/10,Portland Trail Blazers,Los Angeles Clippers,105,97
2012/1/10,Utah Jazz,Cleveland Cavaliers,113,105
2012/1/10,Washington Wizards,Toronto Raptors,93,78
2012/1/11,Dallas Mavericks,Boston Celtics,90,85
2012/1/11,Chicago Bulls,Washington Wizards,78,64
2012/1/11,Denver Nuggets,New Jersey Nets,123,115
2012/1/11,Indiana Pacers,Atlanta Hawks,96,84
2012/1/11,Los Angeles Clippers,Miami Heat,95,89
2012/1/11,Oklahoma City Thunder,New Orleans Hornets,95,85
2012/1/11,New York Knicks,Philadelphia 76ers,85,79
2012/1/11,Orlando Magic,Portland Trail Blazers,107,104
2012/1/11,San Antonio Spurs,Houston Rockets,101,95
2012/1/11,Sacramento Kings,Toronto Raptors,98,91
2012/1/11,Los Angeles Lakers,Utah Jazz,90,87
2012/1/12,Atlanta Hawks,Charlotte Bobcats,111,81
2012/1/12,Orlando Magic,Golden State Warriors,117,109
2012/1/12,Memphis Grizzlies,New York Knicks,94,83
2012/1/12,Milwaukee Bucks,Detroit Pistons,102,93
2012/1/12,Cleveland Cavaliers,Phoenix Suns,101,90
2012/1/13,Chicago Bulls,Boston Celtics,88,79
2012/1/13,Detroit Pistons,Charlotte Bobcats,98,81
2012/1/13,Dallas Mavericks,Milwaukee Bucks,102,76
2012/1/13,Denver Nuggets,Miami Heat,117,104
2012/1/13,Houston Rockets,Sacramento Kings,103,89
2012/1/13,Los Angeles Lakers,Cleveland Cavaliers,97,92
2012/1/13,Minnesota Timberwolves,New Orleans Hornets,87,80
2012/1/13,Philadelphia 76ers,Washington Wizards,120,89
2012/1/13,New Jersey Nets,Phoenix Suns,110,103
2012/1/13,San Antonio Spurs,Portland Trail Blazers,99,83
2012/1/13,Indiana Pacers,Toronto Raptors,95,90
2012/1/14,Atlanta Hawks,Minnesota Timberwolves,93,91
2012/1/14,Charlotte Bobcats,Golden State Warriors,112,100
2012/1/14,Chicago Bulls,Toronto Raptors,77,64
2012/1/14,Dallas Mavericks,Sacramento Kings,99,60
2012/1/14,Houston Rockets,Portland Trail Blazers,107,105
2012/1/14,Indiana Pacers,Boston Celtics,97,83
2012/1/14,Los Angeles Clippers,Los Angeles Lakers,102,94
2012/1/14,Memphis Grizzlies,New Orleans Hornets,108,99
2012/1/14,Oklahoma City Thunder,New York Knicks,104,92
2012/1/14,Utah Jazz,New Jersey Nets,107,94
2012/1/14,Philadelphia 76ers,Washington Wizards,103,90
2012/1/15,Utah Jazz,Denver Nuggets,106,96
2012/1/15,Golden State Warriors,Detroit Pistons,99,91
2012/1/15,San Antonio Spurs,Phoenix Suns,102,91
2012/1/16,Atlanta Hawks,Toronto Raptors,93,84
2012/1/16,Oklahoma City Thunder,Boston Celtics,97,88
2012/1/16,Cleveland Cavaliers,Charlotte Bobcats,102,94
2012/1/16,Los Angeles Clippers,New Jersey Nets,101,91
2012/1/16,Los Angeles Lakers,Dallas Mavericks,73,70
2012/1/16,Memphis Grizzlies,Chicago Bulls,102,86
2012/1/16,Minnesota Timberwolves,Sacramento Kings,99,86
2012/1/16,Portland Trail Blazers,New Orleans Hornets,84,77
2012/1/16,Orlando Magic,New York Knicks,102,93
2012/1/16,Philadelphia 76ers,Milwaukee Bucks,94,82
2012/1/16,Houston Rockets,Washington Wizards,114,106
2012/1/17,Chicago Bulls,Phoenix Suns,118,97
2012/1/17,Golden State Warriors,Cleveland Cavaliers,105,95
2012/1/17,Houston Rockets,Detroit Pistons,97,80
2012/1/17,Miami Heat,San Antonio Spurs,120,98
2012/1/17,Denver Nuggets,Milwaukee Bucks,105,95
2012/1/17,Orlando Magic,Charlotte Bobcats,96,89
2012/1/17,Utah Jazz,Los Angeles Clippers,108,79
2012/1/18,Atlanta Hawks,Portland Trail Blazers,92,89
2012/1/18,Boston Celtics,Toronto Raptors,96,73
2012/1/18,Los Angeles Clippers,Dallas Mavericks,91,89
2012/1/18,Minnesota Timberwolves,Detroit Pistons,93,85
2012/1/18,New Jersey Nets,Golden State Warriors,107,100
2012/1/18,Memphis Grizzlies,New Orleans Hornets,93,87
2012/1/18,Phoenix Suns,New York Knicks,91,88
2012/1/18,San Antonio Spurs,Orlando Magic,85,83
2012/1/18,Denver Nuggets,Philadelphia 76ers,108,104
2012/1/18,Sacramento Kings,Indiana Pacers,92,88
2012/1/18,Washington Wizards,Oklahoma City Thunder,105,102
2012/1/19,Houston Rockets,New Orleans Hornets,90,88
2012/1/19,Miami Heat,Los Angeles Lakers,98,87
2012/1/19,Dallas Mavericks,Utah Jazz,94,91
2012/1/20,Phoenix Suns,Boston Celtics,79,71
2012/1/20,Chicago Bulls,Cleveland Cavaliers,114,75
2012/1/20,Memphis Grizzlies,Detroit Pistons,98,81
2012/1/20,Indiana Pacers,Golden State Warriors,94,91
2012/1/20,Minnesota Timberwolves,Los Angeles Clippers,101,98
2012/1/20,Milwaukee Bucks,New York Knicks,100,86
2012/1/20,Orlando Magic,Los Angeles Lakers,92,80
2012/1/20,Philadelphia 76ers,Atlanta Hawks,90,76
2012/1/20,Sacramento Kings,San Antonio Spurs,88,86
2012/1/20,Portland Trail Blazers,Toronto Raptors,94,84
2012/1/20,Denver Nuggets,Washington Wizards,108,104
2012/1/21,Atlanta Hawks,Cleveland Cavaliers,121,94
2012/1/21,Chicago Bulls,Charlotte Bobcats,95,89
2012/1/21,Detroit Pistons,Portland Trail Blazers,94,91
2012/1/21,Houston Rockets,San Antonio Spurs,105,102
2012/1/21,Memphis Grizzlies,Sacramento Kings,128,95
2012/1/21,Miami Heat,Philadelphia 76ers,113,92
2012/1/21,Oklahoma City Thunder,New Jersey Nets,84,74
2012/1/21,Dallas Mavericks,New Orleans Hornets,83,81
2012/1/21,Denver Nuggets,New York Knicks,119,114
2012/1/21,Utah Jazz,Minnesota Timberwolves,108,98
2012/1/22,Los Angeles Clippers,Toronto Raptors,103,91
2012/1/22,Indiana Pacers,Los Angeles Lakers,98,96
2012/1/22,Milwaukee Bucks,Miami Heat,91,82
2012/1/22,New Jersey Nets,Charlotte Bobcats,97,87
2012/1/22,Boston Celtics,Washington Wizards,100,94
2012/1/23,Boston Celtics,Orlando Magic,87,56
2012/1/23,Chicago Bulls,New Jersey Nets,110,95
2012/1/23,Dallas Mavericks,Phoenix Suns,93,87
2012/1/23,Memphis Grizzlies,Golden State Warriors,91,90
2012/1/23,Atlanta Hawks,Milwaukee Bucks,97,92
2012/1/23,Houston Rockets,Minnesota Timberwolves,107,92
2012/1/23,San Antonio Spurs,New Orleans Hornets,104,102
2012/1/23,Oklahoma City Thunder,Detroit Pistons,99,79
2012/1/23,Philadelphia 76ers,Washington Wizards,103,83
2012/1/23,Portland Trail Blazers,Sacramento Kings,101,89
2012/1/24,New York Knicks,Charlotte Bobcats,111,78
2012/1/24,Orlando Magic,Indiana Pacers,102,83
2012/1/24,Miami Heat,Cleveland Cavaliers,92,85
2012/1/24,Toronto Raptors,Phoenix Suns,99,96
2012/1/24,Portland Trail Blazers,Memphis Grizzlies,97,84
2012/1/25,Indiana Pacers,Chicago Bulls,95,90
2012/1/25,Cleveland Cavaliers,New York Knicks,91,81
2012/1/25,Minnesota Timberwolves,Dallas Mavericks,105,90
2012/1/25,Miami Heat,Detroit Pistons,101,98
2012/1/25,Golden State Warriors,Portland Trail Blazers,101,93
2012/1/25,Milwaukee Bucks,Houston Rockets,105,99
2012/1/25,Los Angeles Lakers,Los Angeles Clippers,96,91
2012/1/25,Oklahoma City Thunder,New Orleans Hornets,101,91
2012/1/25,New Jersey Nets,Philadelphia 76ers,97,90
2012/1/25,Denver Nuggets,Sacramento Kings,122,93
2012/1/25,San Antonio Spurs,Atlanta Hawks,105,83
2012/1/25,Toronto Raptors,Utah Jazz,111,106
2012/1/25,Washington Wizards,Charlotte Bobcats,92,75
2012/1/26,Los Angeles Clippers,Memphis Grizzlies,98,91
2012/1/26,Boston Celtics,Orlando Magic,91,83
2012/1/27,Boston Celtics,Indiana Pacers,94,87
2012/1/27,Chicago Bulls,Milwaukee Bucks,107,100
2012/1/27,New Jersey Nets,Cleveland Cavaliers,99,96
2012/1/27,Dallas Mavericks,Utah Jazz,116,101
2012/1/27,Denver Nuggets,Toronto Raptors,96,81
2012/1/27,Atlanta Hawks,Detroit Pistons,107,101
2012/1/27,Oklahoma City Thunder,Golden State Warriors,120,109
2012/1/27,Houston Rockets,Washington Wizards,103,76
2012/1/27,Miami Heat,New York Knicks,99,89
2012/1/27,Minnesota Timberwolves,San Antonio Spurs,87,79
2012/1/27,New Orleans Hornets,Orlando Magic,93,67
2012/1/27,Philadelphia 76ers,Charlotte Bobcats,89,72
2012/1/27,Portland Trail Blazers,Phoenix Suns,109,71
2012/1/28,Washington Wizards,Charlotte Bobcats,102,99
2012/1/28,Houston Rockets,New York Knicks,97,84
2012/1/28,Milwaukee Bucks,Los Angeles Lakers,100,89
2012/1/28,Philadelphia 76ers,Detroit Pistons,95,74
2012/1/28,Phoenix Suns,Memphis Grizzlies,86,84
2012/1/28,Utah Jazz,Sacramento Kings,96,93
2012/1/29,Cleveland Cavaliers,Boston Celtics,88,87
2012/1/29,Dallas Mavericks,San Antonio Spurs,101,100
2012/1/29,Los Angeles Clippers,Denver Nuggets,109,105
2012/1/29,Miami Heat,Chicago Bulls,97,93
2012/1/29,Los Angeles Lakers,Minnesota Timberwolves,106,101
2012/1/29,Toronto Raptors,New Jersey Nets,94,73
2012/1/29,Atlanta Hawks,New Orleans Hornets,94,72
2012/1/29,Indiana Pacers,Orlando Magic,106,85
2012/1/30,Minnesota Timberwolves,Houston Rockets,120,108
2012/1/30,Los Angeles Clippers,Oklahoma City Thunder,112,100
2012/1/30,San Antonio Spurs,Memphis Grizzlies,83,73
2012/1/30,Miami Heat,New Orleans Hornets,109,95
2012/1/30,Milwaukee Bucks,Detroit Pistons,103,82
2012/1/30,Philadelphia 76ers,Orlando Magic,74,69
2012/1/30,Dallas Mavericks,Phoenix Suns,122,99
2012/1/30,Utah Jazz,Portland Trail Blazers,93,89
2012/1/30,Chicago Bulls,Washington Wizards,98,88
2012/1/31,Boston Celtics,Cleveland Cavaliers,93,90
2012/1/31,Golden State Warriors,Sacramento Kings,93,90
2012/1/31,Indiana Pacers,New Jersey Nets,106,99
2012/1/31,Los Angeles Lakers,Charlotte Bobcats,106,73
2012/1/31,Memphis Grizzlies,Denver Nuggets,100,97
2012/1/31,New York Knicks,Detroit Pistons,113,86
2012/1/31,Atlanta Hawks,Toronto Raptors,100,77
2012/2/1,Boston Celtics,Toronto Raptors,100,64
2012/2/1,Oklahoma City Thunder,Dallas Mavericks,95,86
2012/2/1,Milwaukee Bucks,Miami Heat,105,97
2012/2/1,Indiana Pacers,Minnesota Timberwolves,109,99
2012/2/1,New Jersey Nets,Detroit Pistons,99,96
2012/2/1,Phoenix Suns,New Orleans Hornets,120,103
2012/2/1,Orlando Magic,Washington Wizards,109,103
2012/2/1,Philadelphia 76ers,Chicago Bulls,98,82
2012/2/1,Portland Trail Blazers,Charlotte Bobcats,112,68
2012/2/1,San Antonio Spurs,Houston Rockets,99,91
2012/2/1,Los Angeles Clippers,Utah Jazz,107,105
2012/2/2,Memphis Grizzlies,Atlanta Hawks,96,77
2012/2/2,Golden State Warriors,Utah Jazz,119,101
2012/2/2,Denver Nuggets,Los Angeles Clippers,112,91
2012/2/2,Chicago Bulls,New York Knicks,105,102
2012/2/2,Sacramento Kings,Portland Trail Blazers,95,92
2012/2/2,San Antonio Spurs,New Orleans Hornets,93,81
2012/2/3,Boston Celtics,New York Knicks,91,89
2012/2/3,Indiana Pacers,Dallas Mavericks,98,87
2012/2/3,Los Angeles Lakers,Denver Nuggets,93,89
2012/2/3,Detroit Pistons,Milwaukee Bucks,88,80
2012/2/3,Houston Rockets,Phoenix Suns,99,81
2012/2/3,Minnesota Timberwolves,New Jersey Nets,108,105
2012/2/3,Oklahoma City Thunder,Memphis Grizzlies,101,94
2012/2/3,Orlando Magic,Cleveland Cavaliers,102,94
2012/2/3,Miami Heat,Philadelphia 76ers,99,79
2012/2/3,Toronto Raptors,Washington Wizards,106,89
2012/2/4,Philadelphia 76ers,Atlanta Hawks,98,87
2012/2/4,Cleveland Cavaliers,Dallas Mavericks,91,88
2012/2/4,Detroit Pistons,New Orleans Hornets,89,87
2012/2/4,Orlando Magic,Indiana Pacers,85,81
2012/2/4,Chicago Bulls,Milwaukee Bucks,113,90
2012/2/4,Minnesota Timberwolves,Houston Rockets,100,91
2012/2/4,New York Knicks,New Jersey Nets,99,92
2012/2/4,Phoenix Suns,Charlotte Bobcats,95,89
2012/2/4,Portland Trail Blazers,Denver Nuggets,117,97
2012/2/4,Sacramento Kings,Golden State Warriors,114,106
2012/2/4,San Antonio Spurs,Oklahoma City Thunder,107,96
2012/2/4,Utah Jazz,Los Angeles Lakers,96,87
2012/2/4,Los Angeles Clippers,Washington Wizards,107,81
2012/2/5,Boston Celtics,Memphis Grizzlies,98,80
2012/2/5,Miami Heat,Toronto Raptors,95,89
2012/2/6,Phoenix Suns,Atlanta Hawks,99,90
2012/2/6,Houston Rockets,Denver Nuggets,99,90
2012/2/6,San Antonio Spurs,Memphis Grizzlies,89,84
2012/2/6,Chicago Bulls,New Jersey Nets,108,87
2012/2/6,Sacramento Kings,New Orleans Hornets,100,92
2012/2/6,New York Knicks,Utah Jazz,99,88
2012/2/6,Los Angeles Clippers,Orlando Magic,107,102
2012/2/6,Philadelphia 76ers,Los Angeles Lakers,95,90
2012/2/6,Oklahoma City Thunder,Portland Trail Blazers,111,107
2012/2/6,Washington Wizards,Toronto Raptors,111,108
2012/2/7,Boston Celtics,Charlotte Bobcats,94,84
2012/2/7,Oklahoma City Thunder,Golden State Warriors,119,116
2012/2/7,Indiana Pacers,Utah Jazz,104,99
2012/2/7,Miami Heat,Cleveland Cavaliers,107,91
2012/2/7,Phoenix Suns,Milwaukee Bucks,107,105
2012/2/7,Minnesota Timberwolves,Sacramento Kings,86,84
2012/2/8,Atlanta Hawks,Indiana Pacers,97,87
2012/2/8,Cleveland Cavaliers,Los Angeles Clippers,99,92
2012/2/8,Dallas Mavericks,Denver Nuggets,105,95
2012/2/8,Memphis Grizzlies,Minnesota Timberwolves,85,80
2012/2/8,Detroit Pistons,New Jersey Nets,99,92
2012/2/8,Chicago Bulls,New Orleans Hornets,90,67
2012/2/8,Orlando Magic,Miami Heat,102,89
2012/2/8,San Antonio Spurs,Philadelphia 76ers,100,90
2012/2/8,Houston Rockets,Portland Trail Blazers,103,96
2012/2/8,Milwaukee Bucks,Toronto Raptors,105,99
2012/2/8,New York Knicks,Washington Wizards,107,93
2012/2/9,Los Angeles Lakers,Boston Celtics,88,87
2012/2/9,Golden State Warriors,Denver Nuggets,109,101
2012/2/9,Houston Rockets,Phoenix Suns,96,89
2012/2/9,Sacramento Kings,Oklahoma City Thunder,106,101
2012/2/10,Chicago Bulls,Charlotte Bobcats,95,64
2012/2/10,Milwaukee Bucks,Cleveland Cavaliers,113,112
2012/2/10,Detroit Pistons,New Jersey Nets,109,92
2012/2/10,Memphis Grizzlies,Indiana Pacers,98,92
2012/2/10,Dallas Mavericks,Minnesota Timberwolves,104,97
2012/2/10,Portland Trail Blazers,New Orleans Hornets,94,86
2012/2/10,New York Knicks,Los Angeles Lakers,92,85
2012/2/10,Atlanta Hawks,Orlando Magic,89,87
2012/2/10,Los Angeles Clippers,Philadelphia 76ers,78,77
2012/2/10,Toronto Raptors,Boston Celtics,86,74
2012/2/10,Oklahoma City Thunder,Utah Jazz,101,87
2012/2/10,Miami Heat,Washington Wizards,106,89
2012/2/11,Los Angeles Clippers,Charlotte Bobcats,111,86
2012/2/11,Philadelphia 76ers,Cleveland Cavaliers,99,84
2012/2/11,Dallas Mavericks,Portland Trail Blazers,97,94
2012/2/11,Denver Nuggets,Indiana Pacers,113,109
2012/2/11,Orlando Magic,Milwaukee Bucks,99,94
2012/2/11,New York Knicks,Minnesota Timberwolves,100,98
2012/2/11,San Antonio Spurs,New Jersey Nets,103,89
2012/2/11,Phoenix Suns,Sacramento Kings,98,84
2012/2/12,Miami Heat,Atlanta Hawks,107,87
2012/2/12,Boston Celtics,Chicago Bulls,95,91
2012/2/12,Washington Wizards,Detroit Pistons,98,77
2012/2/12,Golden State Warriors,Houston Rockets,106,97
2012/2/12,Utah Jazz,Memphis Grizzlies,98,88
2012/2/12,Los Angeles Lakers,Toronto Raptors,94,92
2012/2/13,Philadelphia 76ers,Charlotte Bobcats,98,89
2012/2/13,Dallas Mavericks,Los Angeles Clippers,96,92
2012/2/13,Golden State Warriors,Phoenix Suns,102,96
2012/2/13,Miami Heat,Milwaukee Bucks,114,96
2012/2/13,New Orleans Hornets,Utah Jazz,86,80
2012/2/13,Orlando Magic,Minnesota Timberwolves,102,89
2012/2/14,Chicago Bulls,Sacramento Kings,121,115
2012/2/14,Denver Nuggets,Phoenix Suns,109,92
2012/2/14,San Antonio Spurs,Detroit Pistons,99,95
2012/2/14,Miami Heat,Indiana Pacers,105,90
2012/2/14,Los Angeles Lakers,Atlanta Hawks,86,78
2012/2/14,Memphis Grizzlies,Houston Rockets,93,83
2012/2/14,Oklahoma City Thunder,Utah Jazz,111,85
2012/2/14,Washington Wizards,Portland Trail Blazers,124,109
2012/2/14,New York Knicks,Toronto Raptors,90,87
2012/2/15,Detroit Pistons,Boston Celtics,98,88
2012/2/15,Cleveland Cavaliers,Indiana Pacers,98,87
2012/2/15,Dallas Mavericks,Denver Nuggets,102,84
2012/2/15,Portland Trail Blazers,Golden State Warriors,93,91
2012/2/15,Houston Rockets,Oklahoma City Thunder,96,95
2012/2/15,Los Angeles Clippers,Washington Wizards,102,84
2012/2/15,New Orleans Hornets,Milwaukee Bucks,92,89
2012/2/15,Minnesota Timberwolves,Charlotte Bobcats,102,90
2012/2/15,Memphis Grizzlies,New Jersey Nets,105,100
2012/2/15,New York Knicks,Sacramento Kings,100,85
2012/2/15,Orlando Magic,Philadelphia 76ers,103,87
2012/2/15,Atlanta Hawks,Phoenix Suns,101,99
2012/2/15,San Antonio Spurs,Toronto Raptors,113,106
2012/2/16,Chicago Bulls,Boston Celtics,89,80
2012/2/16,Indiana Pacers,New Jersey Nets,93,88
2012/2/16,Los Angeles Clippers,Portland Trail Blazers,74,71
2012/2/17,Miami Heat,Cleveland Cavaliers,111,87
2012/2/17,Detroit Pistons,Sacramento Kings,114,108
2012/2/17,Minnesota Timberwolves,Houston Rockets,111,98
2012/2/17,Los Angeles Lakers,Phoenix Suns,111,99
2012/2/17,Memphis Grizzlies,Denver Nuggets,103,102
2012/2/17,New Orleans Hornets,New York Knicks,89,85
2012/2/17,Oklahoma City Thunder,Golden State Warriors,110,87
2012/2/17,Orlando Magic,Milwaukee Bucks,94,85
2012/2/17,Dallas Mavericks,Philadelphia 76ers,82,75
2012/2/17,Charlotte Bobcats,Toronto Raptors,98,91
2012/2/17,Utah Jazz,Washington Wizards,114,100
2012/2/18,New Jersey Nets,Chicago Bulls,97,85
2012/2/18,San Antonio Spurs,Los Angeles Clippers,103,100
2012/2/18,Memphis Grizzlies,Golden State Warriors,104,103
2012/2/18,Portland Trail Blazers,Atlanta Hawks,97,77
2012/2/19,Cleveland Cavaliers,Sacramento Kings,93,92
2012/2/19,Detroit Pistons,Boston Celtics,96,81
2012/2/19,Houston Rockets,Utah Jazz,101,85
2012/2/19,Indiana Pacers,Charlotte Bobcats,108,73
2012/2/19,Miami Heat,Orlando Magic,90,78
2012/2/19,Minnesota Timberwolves,Philadelphia 76ers,92,91
2012/2/19,Milwaukee Bucks,New Jersey Nets,92,85
2012/2/19,New York Knicks,Dallas Mavericks,104,97
2012/2/19,Oklahoma City Thunder,Denver Nuggets,124,118
2012/2/19,Phoenix Suns,Los Angeles Lakers,102,90
2012/2/20,Chicago Bulls,Atlanta Hawks,90,79
2012/2/20,Dallas Mavericks,Boston Celtics,89,73
2012/2/20,Denver Nuggets,Minnesota Timberwolves,103,101
2012/2/20,Golden State Warriors,Los Angeles Clippers,104,97
2012/2/20,Houston Rockets,Memphis Grizzlies,97,93
2012/2/20,Los Angeles Lakers,Portland Trail Blazers,103,92
2012/2/20,Orlando Magic,Milwaukee Bucks,93,90
2012/2/20,New Jersey Nets,New York Knicks,100,92
2012/2/20,Oklahoma City Thunder,New Orleans Hornets,101,93
2012/2/20,Phoenix Suns,Washington Wizards,104,88
2012/2/20,San Antonio Spurs,Utah Jazz,106,102
2012/2/21,Cleveland Cavaliers,Detroit Pistons,101,100
2012/2/21,Indiana Pacers,New Orleans Hornets,117,108
2012/2/21,Memphis Grizzlies,Philadelphia 76ers,89,76
2012/2/21,Miami Heat,Sacramento Kings,120,108
2012/2/21,Portland Trail Blazers,San Antonio Spurs,137,97
2012/2/22,Indiana Pacers,Charlotte Bobcats,102,88
2012/2/22,Chicago Bulls,Milwaukee Bucks,110,91
2012/2/22,New Orleans Hornets,Cleveland Cavaliers,89,84
2012/2/22,Los Angeles Lakers,Dallas Mavericks,96,91
2012/2/22,Houston Rockets,Philadelphia 76ers,93,87
2012/2/22,Los Angeles Clippers,Denver Nuggets,103,95
2012/2/22,Minnesota Timberwolves,Utah Jazz,100,98
2012/2/22,Orlando Magic,New Jersey Nets,108,91
2012/2/22,New York Knicks,Atlanta Hawks,99,82
2012/2/22,Oklahoma City Thunder,Boston Celtics,119,104
2012/2/22,Golden State Warriors,Phoenix Suns,106,104
2012/2/22,Toronto Raptors,Detroit Pistons,103,93
2012/2/22,Sacramento Kings,Washington Wizards,115,107
2012/2/23,Atlanta Hawks,Orlando Magic,83,78
2012/2/23,San Antonio Spurs,Denver Nuggets,114,99
2012/2/23,Miami Heat,New York Knicks,102,88
2012/2/23,Oklahoma City Thunder,Los Angeles Lakers,100,85
2012/2/28,Chicago Bulls,New Orleans Hornets,99,95
2012/2/28,Boston Celtics,Cleveland Cavaliers,86,83
2012/2/28,New Jersey Nets,Dallas Mavericks,93,92
2012/2/28,Philadelphia 76ers,Detroit Pistons,97,68
2012/2/28,Houston Rockets,Toronto Raptors,88,85
2012/2/28,Indiana Pacers,Golden State Warriors,102,78
2012/2/28,Minnesota Timberwolves,Los Angeles Clippers,109,97
2012/2/28,Milwaukee Bucks,Washington Wizards,119,118
2012/2/28,Sacramento Kings,Utah Jazz,103,96
2012/2/29,Golden State Warriors,Atlanta Hawks,85,82
2012/2/29,Boston Celtics,Milwaukee Bucks,102,96
2012/2/29,Denver Nuggets,Portland Trail Blazers,104,95
2012/2/29,Detroit Pistons,Charlotte Bobcats,109,94
2012/2/29,Los Angeles Lakers,Minnesota Timberwolves,104,85
2012/2/29,Memphis Grizzlies,Dallas Mavericks,96,85
2012/2/29,Toronto Raptors,New Orleans Hornets,95,84
2012/2/29,New York Knicks,Cleveland Cavaliers,120,103
2012/2/29,Oklahoma City Thunder,Philadelphia 76ers,92,88
2012/2/29,Chicago Bulls,San Antonio Spurs,96,89
2012/2/29,Utah Jazz,Houston Rockets,104,83
2012/2/29,Orlando Magic,Washington Wizards,102,95
2012/3/1,Oklahoma City Thunder,Orlando Magic,105,102
2012/3/1,Phoenix Suns,Minnesota Timberwolves,104,95
2012/3/1,Miami Heat,Portland Trail Blazers,107,93
2012/3/1,Los Angeles Clippers,Sacramento Kings,108,100
2012/3/2,Atlanta Hawks,Milwaukee Bucks,99,94
2012/3/2,Boston Celtics,New Jersey Nets,107,94
2012/3/2,Chicago Bulls,Cleveland Cavaliers,112,91
2012/3/2,Denver Nuggets,Houston Rockets,117,105
2012/3/2,Los Angeles Lakers,Sacramento Kings,115,107
2012/3/2,New Orleans Hornets,Dallas Mavericks,97,92
2012/3/2,Philadelphia 76ers,Golden State Warriors,105,83
2012/3/2,Phoenix Suns,Los Angeles Clippers,81,78
2012/3/2,San Antonio Spurs,Charlotte Bobcats,102,72
2012/3/2,Memphis Grizzlies,Toronto Raptors,102,99
2012/3/2,Utah Jazz,Miami Heat,99,98
2012/3/3,Atlanta Hawks,Oklahoma City Thunder,97,90
2012/3/3,Dallas Mavericks,Utah Jazz,102,96
2012/3/3,Memphis Grizzlies,Detroit Pistons,100,83
2012/3/3,Indiana Pacers,New Orleans Hornets,102,84
2012/3/3,Orlando Magic,Milwaukee Bucks,114,98
2012/3/3,Minnesota Timberwolves,Portland Trail Blazers,122,110
2012/3/3,Washington Wizards,Cleveland Cavaliers,101,98
2012/3/4,Boston Celtics,New York Knicks,115,111
2012/3/4,New Jersey Nets,Charlotte Bobcats,104,101
2012/3/4,Los Angeles Clippers,Houston Rockets,105,103
2012/3/4,Los Angeles Lakers,Miami Heat,93,83
2012/3/4,Chicago Bulls,Philadelphia 76ers,96,91
2012/3/4,Phoenix Suns,Sacramento Kings,96,88
2012/3/4,Denver Nuggets,San Antonio Spurs,99,94
2012/3/4,Toronto Raptors,Golden State Warriors,83,75
2012/3/5,Chicago Bulls,Indiana Pacers,92,72
2012/3/5,Utah Jazz,Cleveland Cavaliers,109,100
2012/3/5,Denver Nuggets,Sacramento Kings,119,116
2012/3/5,Milwaukee Bucks,Philadelphia 76ers,97,93
2012/3/5,Minnesota Timberwolves,Los Angeles Clippers,95,94
2012/3/5,Oklahoma City Thunder,Dallas Mavericks,95,91
2012/3/5,Portland Trail Blazers,New Orleans Hornets,86,74
2012/3/5,Orlando Magic,Toronto Raptors,92,88
2012/3/5,Golden State Warriors,Washington Wizards,120,100
2012/3/6,Boston Celtics,Houston Rockets,97,92
2012/3/6,Charlotte Bobcats,Orlando Magic,100,84
2012/3/6,Dallas Mavericks,New York Knicks,95,85
2012/3/6,Detroit Pistons,Los Angeles Lakers,88,85
2012/3/6,Atlanta Hawks,Indiana Pacers,101,96
2012/3/6,Miami Heat,New Jersey Nets,108,78
2012/3/7,Utah Jazz,Charlotte Bobcats,99,93
2012/3/7,Cleveland Cavaliers,Denver Nuggets,100,99
2012/3/7,Memphis Grizzlies,Golden State Warriors,110,92
2012/3/7,Miami Heat,Atlanta Hawks,89,86
2012/3/7,Chicago Bulls,Milwaukee Bucks,106,104
2012/3/7,Minnesota Timberwolves,Portland Trail Blazers,106,94
2012/3/7,New Jersey Nets,Los Angeles Clippers,101,100
2012/3/7,Oklahoma City Thunder,Phoenix Suns,115,104
2012/3/7,Philadelphia 76ers,Boston Celtics,103,71
2012/3/7,Sacramento Kings,New Orleans Hornets,99,98
2012/3/7,San Antonio Spurs,New York Knicks,118,105
2012/3/7,Toronto Raptors,Houston Rockets,116,98
2012/3/7,Washington Wizards,Los Angeles Lakers,106,101
2012/3/8,Orlando Magic,Chicago Bulls,99,94
2012/3/8,Phoenix Suns,Dallas Mavericks,96,94
2012/3/9,Boston Celtics,Portland Trail Blazers,104,86
2012/3/9,New Jersey Nets,Charlotte Bobcats,83,74
2012/3/9,Denver Nuggets,New Orleans Hornets,110,97
2012/3/9,Detroit Pistons,Atlanta Hawks,86,85
2012/3/9,Milwaukee Bucks,New York Knicks,119,114
2012/3/9,Los Angeles Lakers,Minnesota Timberwolves,105,102
2012/3/9,Cleveland Cavaliers,Oklahoma City Thunder,96,90
2012/3/9,Philadelphia 76ers,Utah Jazz,104,91
2012/3/9,Sacramento Kings,Dallas Mavericks,110,97
2012/3/9,Los Angeles Clippers,San Antonio Spurs,120,108
2012/3/10,Chicago Bulls,Utah Jazz,111,97
2012/3/10,Detroit Pistons,Toronto Raptors,105,86
2012/3/10,Golden State Warriors,Dallas Mavericks,111,87
2012/3/10,Miami Heat,Indiana Pacers,93,91
2012/3/10,New Orleans Hornets,Minnesota Timberwolves,95,89
2012/3/10,Houston Rockets,New Jersey Nets,112,106
2012/3/10,Oklahoma City Thunder,Charlotte Bobcats,122,95
2012/3/10,Phoenix Suns,Memphis Grizzlies,98,91
2012/3/10,Portland Trail Blazers,Washington Wizards,110,99
2012/3/11,Cleveland Cavaliers,Houston Rockets,118,107
2012/3/11,Memphis Grizzlies,Denver Nuggets,94,91
2012/3/11,Golden State Warriors,Los Angeles Clippers,97,93
2012/3/11,Los Angeles Lakers,Boston Celtics,97,94
2012/3/11,Philadelphia 76ers,New York Knicks,106,94
2012/3/11,Orlando Magic,Indiana Pacers,107,94
2012/3/11,Atlanta Hawks,Sacramento Kings,106,99
2012/3/11,Milwaukee Bucks,Toronto Raptors,105,99
2012/3/12,Chicago Bulls,New York Knicks,104,99
2012/3/12,Boston Celtics,Los Angeles Clippers,94,85
2012/3/12,Milwaukee Bucks,New Jersey Nets,105,99
2012/3/12,Charlotte Bobcats,New Orleans Hornets,73,71
2012/3/12,Minnesota Timberwolves,Phoenix Suns,127,124
2012/3/12,San Antonio Spurs,Washington Wizards,112,97
2012/3/12,Utah Jazz,Detroit Pistons,105,90
2012/3/13,Toronto Raptors,Cleveland Cavaliers,96,88
2012/3/13,Dallas Mavericks,Washington Wizards,107,98
2012/3/13,Denver Nuggets,Atlanta Hawks,118,117
2012/3/13,Indiana Pacers,Portland Trail Blazers,92,75
2012/3/13,Los Angeles Lakers,Memphis Grizzlies,116,111
2012/3/13,Houston Rockets,Oklahoma City Thunder,104,103
2012/3/13,Orlando Magic,Miami Heat,104,98
2012/3/13,Golden State Warriors,Sacramento Kings,115,89
2012/3/14,Chicago Bulls,Miami Heat,106,102
2012/3/14,Boston Celtics,Golden State Warriors,105,103
2012/3/14,Houston Rockets,Charlotte Bobcats,107,87
2012/3/14,Indiana Pacers,Philadelphia 76ers,111,94
2012/3/14,Los Angeles Clippers,Atlanta Hawks,96,82
2012/3/14,Milwaukee Bucks,Cleveland Cavaliers,115,105
2012/3/14,New Jersey Nets,Toronto Raptors,98,84
2012/3/14,Los Angeles Lakers,New Orleans Hornets,107,101
2012/3/14,New York Knicks,Portland Trail Blazers,121,79
2012/3/14,Phoenix Suns,Utah Jazz,120,111
2012/3/14,Detroit Pistons,Sacramento Kings,124,112
2012/3/14,San Antonio Spurs,Orlando Magic,122,111
2012/3/15,Dallas Mavericks,Charlotte Bobcats,101,96
2012/3/15,Oklahoma City Thunder,Denver Nuggets,103,90
2012/3/15,Phoenix Suns,Los Angeles Clippers,91,87
2012/3/15,Washington Wizards,New Orleans Hornets,99,89
2012/3/15,Utah Jazz,Minnesota Timberwolves,111,105
2012/3/16,Atlanta Hawks,Washington Wizards,102,88
2012/3/16,Portland Trail Blazers,Chicago Bulls,100,89
2012/3/16,Milwaukee Bucks,Golden State Warriors,120,98
2012/3/16,Los Angeles Lakers,Minnesota Timberwolves,97,92
2012/3/16,Toronto Raptors,Memphis Grizzlies,114,110
2012/3/16,New York Knicks,Indiana Pacers,115,100
2012/3/16,San Antonio Spurs,Oklahoma City Thunder,114,105
2012/3/16,Orlando Magic,New Jersey Nets,86,70
2012/3/16,Miami Heat,Philadelphia 76ers,84,78
2012/3/16,Phoenix Suns,Detroit Pistons,109,101
2012/3/16,Sacramento Kings,Boston Celtics,120,95
2012/3/17,Charlotte Bobcats,Toronto Raptors,107,103
2012/3/17,Chicago Bulls,Philadelphia 76ers,89,80
2012/3/17,Dallas Mavericks,San Antonio Spurs,106,99
2012/3/17,Denver Nuggets,Boston Celtics,98,91
2012/3/17,New York Knicks,Indiana Pacers,102,88
2012/3/17,Los Angeles Clippers,Houston Rockets,95,91
2012/3/17,New Orleans Hornets,New Jersey Nets,102,94
2012/3/17,Utah Jazz,Golden State Warriors,99,92
2012/3/18,Atlanta Hawks,Cleveland Cavaliers,103,87
2012/3/18,Los Angeles Clippers,Detroit Pistons,87,83
2012/3/18,Utah Jazz,Los Angeles Lakers,103,99
2012/3/18,Memphis Grizzlies,Washington Wizards,97,92
2012/3/18,Miami Heat,Orlando Magic,91,81
2012/3/18,Oklahoma City Thunder,Portland Trail Blazers,111,95
2012/3/18,Phoenix Suns,Houston Rockets,99,86
2012/3/18,Sacramento Kings,Minnesota Timberwolves,115,99
2012/3/19,Boston Celtics,Atlanta Hawks,79,76
2012/3/19,Philadelphia 76ers,Charlotte Bobcats,105,80
2012/3/19,Dallas Mavericks,Denver Nuggets,112,95
2012/3/19,Minnesota Timberwolves,Golden State Warriors,97,93
2012/3/19,Cleveland Cavaliers,New Jersey Nets,105,100
2012/3/19,Chicago Bulls,Orlando Magic,85,59
2012/3/20,Houston Rockets,Los Angeles Lakers,107,104
2012/3/20,Indiana Pacers,Los Angeles Clippers,102,89
2012/3/20,Miami Heat,Phoenix Suns,99,95
2012/3/20,New York Knicks,Toronto Raptors,106,87
2012/3/20,Milwaukee Bucks,Portland Trail Blazers,116,87
2012/3/20,Sacramento Kings,Memphis Grizzlies,119,110
2012/3/20,Utah Jazz,Oklahoma City Thunder,97,90
2012/3/21,Atlanta Hawks,Cleveland Cavaliers,103,102
2012/3/21,Los Angeles Lakers,Dallas Mavericks,109,93
2012/3/21,Denver Nuggets,Detroit Pistons,116,115
2012/3/21,Washington Wizards,New Jersey Nets,108,89
2012/3/21,Golden State Warriors,New Orleans Hornets,101,92
2012/3/21,Oklahoma City Thunder,Los Angeles Clippers,114,91
2012/3/21,Orlando Magic,Phoenix Suns,103,93
2012/3/21,New York Knicks,Philadelphia 76ers,82,79
2012/3/21,San Antonio Spurs,Minnesota Timberwolves,116,100
2012/3/21,Chicago Bulls,Toronto Raptors,94,82
2012/3/22,Houston Rockets,Golden State Warriors,109,83
2012/3/22,Boston Celtics,Milwaukee Bucks,100,91
2012/3/22,New Orleans Hornets,Los Angeles Clippers,97,90
2012/3/22,Portland Trail Blazers,Memphis Grizzlies,97,93
2012/3/22,Utah Jazz,Sacramento Kings,103,102
2012/3/22,Indiana Pacers,Washington Wizards,85,83
2012/3/23,Atlanta Hawks,New Jersey Nets,93,84
2012/3/23,Milwaukee Bucks,Charlotte Bobcats,112,92
2012/3/23,Miami Heat,Detroit Pistons,88,73
2012/3/23,Phoenix Suns,Indiana Pacers,113,111
2012/3/23,Los Angeles Lakers,Portland Trail Blazers,103,96
2012/3/23,Oklahoma City Thunder,Minnesota Timberwolves,149,140
2012/3/23,Orlando Magic,Cleveland Cavaliers,93,80
2012/3/23,Philadelphia 76ers,Boston Celtics,99,86
2012/3/23,San Antonio Spurs,Dallas Mavericks,104,87
2012/3/23,Toronto Raptors,New York Knicks,96,79
2012/3/23,Utah Jazz,Denver Nuggets,121,102
2012/3/24,Chicago Bulls,Toronto Raptors,102,101
2012/3/24,Golden State Warriors,Sacramento Kings,111,108
2012/3/24,Dallas Mavericks,Houston Rockets,101,99
2012/3/24,Los Angeles Clippers,Memphis Grizzlies,101,85
2012/3/24,Indiana Pacers,Milwaukee Bucks,125,104
2012/3/24,New Jersey Nets,Charlotte Bobcats,102,89
2012/3/24,San Antonio Spurs,New Orleans Hornets,89,86
2012/3/24,New York Knicks,Detroit Pistons,101,79
2012/3/24,Atlanta Hawks,Washington Wizards,95,92
2012/3/25,Atlanta Hawks,Utah Jazz,139,133
2012/3/25,Boston Celtics,Washington Wizards,88,76
2012/3/25,Phoenix Suns,Cleveland Cavaliers,108,83
2012/3/25,Memphis Grizzlies,Los Angeles Lakers,102,96
2012/3/25,Minnesota Timberwolves,Denver Nuggets,117,100
2012/3/25,Oklahoma City Thunder,Miami Heat,103,87
2012/3/25,Portland Trail Blazers,Golden State Warriors,90,87
2012/3/25,San Antonio Spurs,Philadelphia 76ers,93,76
2012/3/26,Boston Celtics,Charlotte Bobcats,102,95
2012/3/26,Denver Nuggets,Chicago Bulls,108,91
2012/3/26,Houston Rockets,Sacramento Kings,113,106
2012/3/26,Indiana Pacers,Miami Heat,105,90
2012/3/26,Los Angeles Clippers,New Orleans Hornets,97,85
2012/3/26,Utah Jazz,New Jersey Nets,105,84
2012/3/26,New York Knicks,Milwaukee Bucks,89,80
2012/3/26,Orlando Magic,Toronto Raptors,117,101
2012/3/26,Detroit Pistons,Washington Wizards,79,77
2012/3/27,Dallas Mavericks,Houston Rockets,90,81
2012/3/27,Los Angeles Lakers,Golden State Warriors,104,101
2012/3/27,Memphis Grizzlies,Minnesota Timberwolves,93,86
2012/3/27,Milwaukee Bucks,Atlanta Hawks,108,101
2012/3/27,Philadelphia 76ers,Cleveland Cavaliers,103,85
2012/3/27,San Antonio Spurs,Phoenix Suns,107,100
2012/3/27,Oklahoma City Thunder,Portland Trail Blazers,109,95
2012/3/28,Chicago Bulls,Atlanta Hawks,98,77
2012/3/28,Boston Celtics,Utah Jazz,94,82
2012/3/28,Minnesota Timberwolves,Charlotte Bobcats,88,83
2012/3/28,Detroit Pistons,Cleveland Cavaliers,87,75
2012/3/28,New Orleans Hornets,Golden State Warriors,102,87
2012/3/28,Los Angeles Clippers,Phoenix Suns,103,86
2012/3/28,New Jersey Nets,Indiana Pacers,100,84
2012/3/28,New York Knicks,Orlando Magic,108,86
2012/3/28,San Antonio Spurs,Sacramento Kings,117,112
2012/3/28,Toronto Raptors,Denver Nuggets,105,96
2012/3/29,Indiana Pacers,Washington Wizards,93,89
2012/3/29,Oklahoma City Thunder,Los Angeles Lakers,102,93
2012/3/29,Miami Heat,Dallas Mavericks,106,85
2012/3/29,Portland Trail Blazers,New Orleans Hornets,99,93
2012/3/30,Atlanta Hawks,New York Knicks,100,90
2012/3/30,Denver Nuggets,Charlotte Bobcats,99,88
2012/3/30,Chicago Bulls,Detroit Pistons,83,71
2012/3/30,Milwaukee Bucks,Cleveland Cavaliers,121,84
2012/3/30,New Jersey Nets,Golden State Warriors,102,100
2012/3/30,Houston Rockets,Memphis Grizzlies,98,89
2012/3/30,Los Angeles Clippers,Portland Trail Blazers,98,97
2012/3/30,Boston Celtics,Minnesota Timberwolves,100,79
2012/3/30,Dallas Mavericks,Orlando Magic,100,98
2012/3/30,Miami Heat,Toronto Raptors,113,101
2012/3/30,Sacramento Kings,Utah Jazz,104,103
2012/3/30,Washington Wizards,Philadelphia 76ers,97,76
2012/3/31,Detroit Pistons,Charlotte Bobcats,110,107
2012/3/31,Los Angeles Clippers,Utah Jazz,105,96
2012/3/31,Los Angeles Lakers,New Orleans Hornets,88,85
2012/3/31,Memphis Grizzlies,Milwaukee Bucks,99,95
2012/3/31,New York Knicks,Cleveland Cavaliers,91,75
2012/3/31,Philadelphia 76ers,Atlanta Hawks,95,90
2012/3/31,New Jersey Nets,Sacramento Kings,111,99
2012/3/31,San Antonio Spurs,Indiana Pacers,112,103
2012/4/1,Boston Celtics,Miami Heat,91,72
2012/4/1,Indiana Pacers,Houston Rockets,104,102
2012/4/1,Los Angeles Lakers,Golden State Warriors,120,112
2012/4/1,Oklahoma City Thunder,Chicago Bulls,92,78
2012/4/1,Denver Nuggets,Orlando Magic,104,101
2012/4/1,Phoenix Suns,New Orleans Hornets,92,75
2012/4/1,Portland Trail Blazers,Minnesota Timberwolves,119,106
2012/4/1,Toronto Raptors,Washington Wizards,99,92
2012/4/2,Houston Rockets,Chicago Bulls,99,93
2012/4/2,Los Angeles Clippers,Dallas Mavericks,94,75
2012/4/2,Memphis Grizzlies,Oklahoma City Thunder,94,88
2012/4/2,Utah Jazz,Portland Trail Blazers,102,97
2012/4/2,Sacramento Kings,Minnesota Timberwolves,116,108
2012/4/2,Milwaukee Bucks,Washington Wizards,112,98
2012/4/3,San Antonio Spurs,Cleveland Cavaliers,125,90
2012/4/3,Detroit Pistons,Orlando Magic,102,95
2012/4/3,Indiana Pacers,New York Knicks,112,104
2012/4/3,Los Angeles Lakers,New Jersey Nets,91,87
2012/4/3,Memphis Grizzlies,Golden State Warriors,98,94
2012/4/3,Miami Heat,Philadelphia 76ers,99,93
2012/4/3,Phoenix Suns,Sacramento Kings,109,100
2012/4/3,Toronto Raptors,Charlotte Bobcats,92,87
2012/4/4,Atlanta Hawks,Charlotte Bobcats,120,93
2012/4/4,San Antonio Spurs,Boston Celtics,87,86
2012/4/4,Dallas Mavericks,Memphis Grizzlies,95,85
2012/4/4,Los Angeles Lakers,Los Angeles Clippers,113,108
2012/4/4,Miami Heat,Oklahoma City Thunder,98,93
2012/4/4,Milwaukee Bucks,Cleveland Cavaliers,107,98
2012/4/4,Golden State Warriors,Minnesota Timberwolves,97,94
2012/4/4,New Orleans Hornets,Denver Nuggets,94,92
2012/4/4,Toronto Raptors,Philadelphia 76ers,99,78
2012/4/4,Portland Trail Blazers,New Jersey Nets,101,88
2012/4/4,Phoenix Suns,Utah Jazz,107,105
2012/4/4,Indiana Pacers,Washington Wizards,109,96
2012/4/5,Chicago Bulls,Boston Celtics,93,86
2012/4/5,Detroit Pistons,Washington Wizards,99,94
2012/4/5,New York Knicks,Orlando Magic,96,80
2012/4/5,Los Angeles Clippers,Sacramento Kings,93,85
2012/4/6,Atlanta Hawks,Detroit Pistons,101,96
2012/4/6,Portland Trail Blazers,Dallas Mavericks,99,97
2012/4/6,Denver Nuggets,Phoenix Suns,105,99
2012/4/6,Indiana Pacers,Oklahoma City Thunder,103,98
2012/4/6,Houston Rockets,Los Angeles Lakers,112,107
2012/4/6,Memphis Grizzlies,Miami Heat,97,82
2012/4/6,Milwaukee Bucks,Charlotte Bobcats,95,90
2012/4/6,New Jersey Nets,Washington Wizards,110,98
2012/4/6,San Antonio Spurs,New Orleans Hornets,128,103
2012/4/6,Cleveland Cavaliers,Toronto Raptors,84,80
2012/4/6,Utah Jazz,Golden State Warriors,104,98
2012/4/7,Atlanta Hawks,Charlotte Bobcats,116,96
2012/4/7,Golden State Warriors,Denver Nuggets,112,97
2012/4/7,Boston Celtics,Indiana Pacers,86,72
2012/4/7,Los Angeles Clippers,Sacramento Kings,109,94
2012/4/7,Memphis Grizzlies,Dallas Mavericks,94,89
2012/4/7,Milwaukee Bucks,Portland Trail Blazers,116,94
2012/4/7,New Orleans Hornets,Minnesota Timberwolves,99,90
2012/4/7,Orlando Magic,Philadelphia 76ers,88,82
2012/4/7,Phoenix Suns,Los Angeles Lakers,125,105
2012/4/8,Boston Celtics,Philadelphia 76ers,103,79
2012/4/8,Miami Heat,Detroit Pistons,98,75
2012/4/8,New Jersey Nets,Cleveland Cavaliers,122,117
2012/4/8,New York Knicks,Chicago Bulls,100,99
2012/4/8,Oklahoma City Thunder,Toronto Raptors,91,75
2012/4/8,Houston Rockets,Sacramento Kings,104,87
2012/4/8,San Antonio Spurs,Utah Jazz,114,104
2012/4/9,Washington Wizards,Charlotte Bobcats,113,85
2012/4/9,Denver Nuggets,Golden State Warriors,123,84
2012/4/9,Indiana Pacers,Toronto Raptors,103,98
2012/4/9,Memphis Grizzlies,Los Angeles Clippers,94,85
2012/4/9,Oklahoma City Thunder,Milwaukee Bucks,109,89
2012/4/9,Phoenix Suns,Minnesota Timberwolves,114,90
2012/4/9,Los Angeles Lakers,New Orleans Hornets,93,91
2012/4/9,Orlando Magic,Detroit Pistons,119,89
2012/4/9,Houston Rockets,Portland Trail Blazers,94,89
2012/4/9,Utah Jazz,San Antonio Spurs,91,84
2012/4/10,Chicago Bulls,New York Knicks,98,86
2012/4/10,Cleveland Cavaliers,Charlotte Bobcats,103,90
2012/4/10,Dallas Mavericks,Sacramento Kings,110,100
2012/4/10,Boston Celtics,Miami Heat,115,107
2012/4/10,Philadelphia 76ers,New Jersey Nets,107,88
2012/4/10,Washington Wizards,Orlando Magic,93,85
2012/4/11,Boston Celtics,Atlanta Hawks,88,86
2012/4/11,Indiana Pacers,Cleveland Cavaliers,104,98
2012/4/11,Denver Nuggets,Minnesota Timberwolves,113,107
2012/4/11,Utah Jazz,Houston Rockets,103,91
2012/4/11,Memphis Grizzlies,Phoenix Suns,104,93
2012/4/11,New York Knicks,Milwaukee Bucks,111,107
2012/4/11,New Orleans Hornets,Sacramento Kings,105,96
2012/4/11,Los Angeles Clippers,Oklahoma City Thunder,100,98
2012/4/11,Portland Trail Blazers,Golden State Warriors,118,110
2012/4/11,Los Angeles Lakers,San Antonio Spurs,98,84
2012/4/11,Philadelphia 76ers,Toronto Raptors,93,75
2012/4/12,Detroit Pistons,Charlotte Bobcats,109,85
2012/4/12,Chicago Bulls,Miami Heat,96,86
2012/4/12,Dallas Mavericks,Golden State Warriors,112,103
2012/4/12,Los Angeles Clippers,Minnesota Timberwolves,95,82
2012/4/12,San Antonio Spurs,Memphis Grizzlies,107,97
2012/4/13,Milwaukee Bucks,Detroit Pistons,113,97
2012/4/13,Phoenix Suns,Houston Rockets,112,105
2012/4/13,Indiana Pacers,Cleveland Cavaliers,102,83
2012/4/13,Los Angeles Lakers,Denver Nuggets,103,97
2012/4/13,Miami Heat,Charlotte Bobcats,105,82
2012/4/13,New Orleans Hornets,Utah Jazz,96,85
2012/4/13,New York Knicks,Washington Wizards,103,65
2012/4/13,Oklahoma City Thunder,Sacramento Kings,115,89
2012/4/13,Atlanta Hawks,Orlando Magic,109,81
2012/4/13,New Jersey Nets,Philadelphia 76ers,95,89
2012/4/13,Dallas Mavericks,Portland Trail Blazers,97,94
2012/4/13,Toronto Raptors,Boston Celtics,84,79
2012/4/14,Los Angeles Clippers,Golden State Warriors,112,104
2012/4/14,Memphis Grizzlies,Utah Jazz,103,98
2012/4/14,Indiana Pacers,Milwaukee Bucks,105,99
2012/4/14,Oklahoma City Thunder,Minnesota Timberwolves,115,110
2012/4/14,Boston Celtics,New Jersey Nets,94,82
2012/4/14,San Antonio Spurs,Phoenix Suns,105,91
2012/4/14,Cleveland Cavaliers,Washington Wizards,98,89
2012/4/15,Toronto Raptors,Atlanta Hawks,102,86
2012/4/15,Boston Celtics,Charlotte Bobcats,94,82
2012/4/15,Orlando Magic,Cleveland Cavaliers,100,84
2012/4/15,Denver Nuggets,Houston Rockets,101,86
2012/4/15,Chicago Bulls,Detroit Pistons,100,94
2012/4/15,Los Angeles Lakers,Dallas Mavericks,112,108
2012/4/15,New Orleans Hornets,Memphis Grizzlies,88,75
2012/4/15,Miami Heat,New York Knicks,93,85
2012/4/15,Sacramento Kings,Portland Trail Blazers,104,103
2012/4/16,New Orleans Hornets,Charlotte Bobcats,75,67
2012/4/16,Washington Wizards,Chicago Bulls,87,84
2012/4/16,San Antonio Spurs,Golden State Warriors,120,99
2012/4/16,Denver Nuggets,Houston Rockets,105,102
2012/4/16,Indiana Pacers,Minnesota Timberwolves,111,88
2012/4/16,Los Angeles Clippers,Oklahoma City Thunder,92,77
2012/4/16,Miami Heat,New Jersey Nets,101,98
2012/4/16,Orlando Magic,Philadelphia 76ers,113,100
2012/4/16,Phoenix Suns,Portland Trail Blazers,125,107
2012/4/16,Atlanta Hawks,Toronto Raptors,109,87
2012/4/16,Utah Jazz,Dallas Mavericks,123,121
2012/4/17,Detroit Pistons,Cleveland Cavaliers,116,77
2012/4/17,San Antonio Spurs,Los Angeles Lakers,112,91
2012/4/17,Memphis Grizzlies,Minnesota Timberwolves,91,84
2012/4/17,New York Knicks,Boston Celtics,118,110
2012/4/17,Indiana Pacers,Philadelphia 76ers,102,97
2012/4/18,Atlanta Hawks,Detroit Pistons,116,84
2012/4/18,Boston Celtics,Orlando Magic,102,98
2012/4/18,Chicago Bulls,Charlotte Bobcats,100,68
2012/4/18,Philadelphia 76ers,Cleveland Cavaliers,103,87
2012/4/18,Dallas Mavericks,Houston Rockets,117,110
2012/4/18,Los Angeles Clippers,Denver Nuggets,104,98
2012/4/18,Los Angeles Lakers,Golden State Warriors,99,87
2012/4/18,Memphis Grizzlies,New Orleans Hornets,103,91
2012/4/18,Miami Heat,Toronto Raptors,96,72
2012/4/18,New York Knicks,New Jersey Nets,104,95
2012/4/18,Oklahoma City Thunder,Phoenix Suns,109,97
2012/4/18,Utah Jazz,Portland Trail Blazers,112,91
2012/4/18,San Antonio Spurs,Sacramento Kings,127,102
2012/4/18,Washington Wizards,Milwaukee Bucks,121,112
2012/4/19,Minnesota Timberwolves,Detroit Pistons,91,80
2012/4/19,Indiana Pacers,Milwaukee Bucks,118,109
2012/4/19,Miami Heat,Chicago Bulls,83,72
2012/4/19,New Orleans Hornets,Houston Rockets,105,99
2012/4/19,Phoenix Suns,Los Angeles Clippers,93,90
2012/4/20,Atlanta Hawks,Boston Celtics,97,92
2012/4/20,Memphis Grizzlies,Charlotte Bobcats,85,80
2012/4/20,Cleveland Cavaliers,New York Knicks,98,90
2012/4/20,Dallas Mavericks,Golden State Warriors,104,94
2012/4/20,Oklahoma City Thunder,Sacramento Kings,103,92
2012/4/20,San Antonio Spurs,Los Angeles Lakers,121,97
2012/4/21,Chicago Bulls,Dallas Mavericks,93,83
2012/4/21,Houston Rockets,Golden State Warriors,99,96
2012/4/21,Philadelphia 76ers,Indiana Pacers,109,106
2012/4/21,Memphis Grizzlies,Portland Trail Blazers,93,89
2012/4/21,Washington Wizards,Miami Heat,86,84
2012/4/21,Milwaukee Bucks,New Jersey Nets,106,95
2012/4/21,Denver Nuggets,Phoenix Suns,118,107
2012/4/21,Utah Jazz,Orlando Magic,117,107
2012/4/22,New York Knicks,Atlanta Hawks,113,112
2012/4/22,Sacramento Kings,Charlotte Bobcats,114,88
2012/4/22,Denver Nuggets,Orlando Magic,101,74
2012/4/22,Detroit Pistons,Toronto Raptors,76,73
2012/4/22,Los Angeles Clippers,New Orleans Hornets,107,98
2012/4/22,Los Angeles Lakers,Oklahoma City Thunder,114,106
2012/4/22,Miami Heat,Houston Rockets,97,88
2012/4/22,Golden State Warriors,Minnesota Timberwolves,93,88
2012/4/22,San Antonio Spurs,Cleveland Cavaliers,114,98
2012/4/23,Indiana Pacers,Detroit Pistons,103,97
2012/4/23,Memphis Grizzlies,Cleveland Cavaliers,109,101
2012/4/23,Milwaukee Bucks,Toronto Raptors,92,86
2012/4/23,Philadelphia 76ers,New Jersey Nets,105,87
2012/4/23,San Antonio Spurs,Portland Trail Blazers,124,89
2012/4/23,Washington Wizards,Charlotte Bobcats,101,73
2012/4/24,Atlanta Hawks,Los Angeles Clippers,109,102
2012/4/24,Boston Celtics,Miami Heat,78,66
2012/4/24,New Orleans Hornets,Golden State Warriors,83,81
2012/4/24,Oklahoma City Thunder,Sacramento Kings,118,110
2012/4/24,Utah Jazz,Phoenix Suns,100,88
2012/4/25,Washington Wizards,Cleveland Cavaliers,96,85
2012/4/25,Chicago Bulls,Indiana Pacers,92,87
2012/4/25,Philadelphia 76ers,Milwaukee Bucks,90,85
2012/4/25,New York Knicks,Los Angeles Clippers,99,93
2012/4/25,Denver Nuggets,Oklahoma City Thunder,106,101
2012/4/25,Orlando Magic,Charlotte Bobcats,102,95
2012/4/25,San Antonio Spurs,Phoenix Suns,110,106
2012/4/26,Atlanta Hawks,Dallas Mavericks,106,89
2012/4/26,Boston Celtics,Milwaukee Bucks,87,74
2012/4/26,New York Knicks,Charlotte Bobcats,104,84
2012/4/26,Chicago Bulls,Cleveland Cavaliers,107,75
2012/4/26,Detroit Pistons,Philadelphia 76ers,108,86
2012/4/26,San Antonio Spurs,Golden State Warriors,107,101
2012/4/26,Houston Rockets,New Orleans Hornets,84,77
2012/4/26,Memphis Grizzlies,Orlando Magic,88,76
2012/4/26,Denver Nuggets,Minnesota Timberwolves,131,102
2012/4/26,Sacramento Kings,Los Angeles Lakers,113,96
2012/4/26,Toronto Raptors,New Jersey Nets,98,67
2012/4/26,Utah Jazz,Portland Trail Blazers,96,94
2012/4/26,Washington Wizards,Miami Heat,104,70
